{"a": 1.2163314819335938, "b": 2.979034185409546, "loss_history": [2272.6689453125, 488.96124267578125, 317.7396240234375, 299.6158752441406, 296.044921875, 293.87408447265625, 291.85443115234375, 289.8672790527344, 287.90118408203125, 285.95489501953125, 284.028076171875, 282.1204833984375, 280.2320251464844, 278.3623962402344, 276.511474609375, 274.6790466308594, 272.864990234375, 271.0690612792969, 269.29107666015625, 267.5308837890625, 265.788330078125, 264.0631408691406, 262.355224609375, 260.6643981933594, 258.990478515625, 257.3332824707031, 255.69268798828125, 254.06845092773438, 252.46051025390625, 250.86863708496094, 249.2926483154297, 247.73248291015625, 246.1878662109375, 244.65872192382812, 243.14483642578125, 241.64614868164062, 240.16241455078125, 238.6935272216797, 237.2393035888672, 235.79965209960938, 234.37437438964844, 232.96339416503906, 231.56649780273438, 230.18360900878906, 228.81446838378906, 227.45907592773438, 226.1172332763672, 224.788818359375, 223.47366333007812, 222.1716766357422, 220.88272094726562, 219.60662841796875, 218.3433074951172, 217.09263610839844, 215.85443115234375, 214.62864685058594, 213.4151153564453, 212.2137451171875, 211.02435302734375, 209.84683227539062, 208.68112182617188, 207.52708435058594, 206.38455200195312, 205.25347900390625, 204.1336669921875, 203.0251007080078, 201.92762756347656, 200.84109497070312, 199.76544189453125, 198.70054626464844, 197.6463165283203, 196.60260009765625, 195.56935119628906, 194.54641723632812, 193.53370666503906, 192.53115844726562, 191.53860473632812, 190.55599975585938, 189.5831756591797, 188.6201171875, 187.6667022705078, 186.72279357910156, 185.78834533691406, 184.8632049560547, 183.94737243652344, 183.04066467285156, 182.1430206298828, 181.2543487548828, 180.37460327148438, 179.5036163330078, 178.64137268066406, 177.7877197265625, 176.94261169433594, 176.10594177246094, 175.27767944335938, 174.45767211914062, 173.6458740234375, 172.84219360351562, 172.0465545654297, 171.25888061523438]}