{"a": 1.1416798596457471, "b": 3.4754954394906994, "loss_history": [2272.6689166212846, 1145.2329892926878, 662.3284331646153, 455.1508349318021, 365.92940602064647, 327.17139425772, 310.0040724804481, 302.07596714609895, 298.103228897178, 295.82546612746023, 294.27569175102985, 293.04022404175697, 291.9420797463152, 290.90553288064416, 289.89817436151515, 288.906125706391, 287.92343570619494, 286.9475444295068, 285.9773427693815, 285.0123423368781, 284.05232034961256, 283.09716771834593, 282.1468240596263, 281.2012498945127, 280.2604147551283, 279.32429209642413, 278.3928571191412, 277.46608583815834, 276.54395468360343, 275.62644032987816, 274.71351962218216, 273.8051695447494, 272.9013672069295, 272.0020898369048, 271.10731477867625, 270.2170194904472, 269.3311815436104, 268.44977862199005, 267.57278852119964, 266.7001891480464, 265.8319585199601, 264.96807476443314, 264.10851611846635, 263.25326092801987, 262.4022876474673, 261.55557483905187, 260.71310117234754, 259.8748454237205, 259.0407864757951, 258.21090331692176, 257.3851750406473, 256.5635808451889, 255.74610003290923, 254.93271200979584, 254.12339628494195, 253.3181324700302, 252.51690027881918, 251.71967952663232, 250.92645012984937, 250.13719210540046, 249.35188557026285, 248.5705107409598, 247.7930479330621, 247.01947756069268, 246.24978013603265, 245.48393626883063, 244.72192666591434, 243.96373213070427, 243.20933356273042, 242.4587119571509, 241.7118484042733, 240.96872408907805, 240.22932029074482, 239.49361838218056, 238.7615998295505, 238.03324619181106, 237.30853912024534, 236.58746035800107, 235.8699917396303, 235.15611519063197, 234.44581272699685, 233.739066454754, 233.03585856952026, 232.33617135605155, 231.63998718779695, 230.94728852645434, 230.2580579215285, 229.57227800989185, 228.88993151534655, 228.21100124818992, 227.53547010478061, 226.8633210671085, 226.19453720236544, 225.52910166251905, 224.86699768388766, 224.208208586719, 223.55271777476918, 222.90050873488474, 222.25156503658684, 221.60587033165746]}