{"a": 1.2577446699142456, "b": 2.662909984588623, "loss_history": [2272.6689453125, 1993.15771484375, 1736.8331298828125, 1504.013916015625, 1294.88232421875, 1109.444580078125, 947.508544921875, 808.64990234375, 692.179443359375, 597.1181640625, 522.1774291992188, 465.75323486328125, 425.9393310546875, 400.5623779296875, 387.2445068359375, 383.48944091796875, 386.7867736816406, 394.7242431640625, 405.0950927734375, 415.98724365234375, 425.847412109375, 433.513427734375, 438.2172546386719, 439.5616149902344, 437.4764404296875, 432.1617736816406, 424.0249938964844, 413.6155090332031, 401.5633239746094, 388.52264404296875, 375.1248474121094, 361.9398193359375, 349.447021484375, 338.01702880859375, 327.90203857421875, 319.23541259765625, 312.0386657714844, 306.23565673828125, 301.6711120605469, 298.13232421875, 295.37249755859375, 293.1337890625, 291.16741943359375, 289.25164794921875, 287.2040100097656, 284.8896789550781, 282.22454833984375, 279.173828125, 275.7469177246094, 271.9892578125, 267.9728698730469, 263.7855529785156, 259.5210876464844, 255.26968383789062, 251.11074829101562, 247.1073760986328, 243.30345153808594, 239.72247314453125, 236.36854553222656, 233.2292022705078, 230.27886962890625, 227.48333740234375, 224.80429077148438, 222.20338439941406, 219.64590454101562, 217.10350036621094, 214.5556182861328, 211.99038696289062, 209.4041290283203, 206.80050659179688, 204.18869018554688, 201.58169555664062, 198.99424743652344, 196.44091796875, 193.9347381591797, 191.48593139648438, 189.10130310058594, 186.78411865234375, 184.5341796875, 182.3484344482422, 180.2217254638672, 178.1476287841797, 176.11935424804688, 174.13046264648438, 172.1754913330078, 170.2502899169922, 168.3523406982422, 166.48056030273438, 164.63528442382812, 162.8177947998047, 161.0301513671875, 159.27455139160156, 157.55320739746094, 155.86801147460938, 154.2201385498047, 152.61021423339844, 151.03814697265625, 149.5032958984375, 148.00450134277344, 146.54034423828125]}